{"cameraMode":{"drawMode":0,"name":"Shaded","section":"Shading Mode"},"sceneLighting":false,"audioPlay":false,"sceneViewState":{"m_AlwaysRefresh":false,"showFog":true,"showSkybox":false,"showFlares":true,"showImageEffects":true,"showParticleSystems":true,"showVisualEffectGraphs":true,"m_FxEnabled":true},"in2DMode":false,"pivot":{"x":486.29351806640627,"y":1116.27587890625,"z":-7.6572113037109379},"rotation":{"x":0.01080949604511261,"y":-0.0015051488298922778,"z":0.00001454219818697311,"w":0.9999470710754395},"size":161.04356384277345,"orthographic":false}